Wall time,Step,Value
1685475447.8813756,0,0.6328125
1685475564.0694983,4,0.640625
1685475705.9162931,8,0.6171875
