Wall time,Step,Value
1685470739.8027728,0,0.60546875
1685470845.6009207,4,0.62109375
1685470981.660828,8,0.60546875
1685471242.7588966,12,0.60546875
1685471562.656735,16,0.55078125
1685471899.7749014,20,0.5078125
1685472239.1571717,24,0.5
1685472577.285818,28,0.5
1685473194.354539,32,0.5
1685473531.706771,36,0.5
1685473869.2766795,40,0.5
1685474206.9269757,44,0.5
1685474544.8128672,48,0.5
1685474882.3753495,52,0.5
1685475219.7422178,56,0.5
1685475558.8644798,60,0.5
1685475897.4761574,64,0.5
